sprint,item_id,title,registry_status,files_touched,art1_intake,art2_impact_analysis,art3_implementation_plan,art4_code_gate,art5_impl_summary_qa,art6_owner_smoke_signoff,art0_session_start,missing_count,severity,existing_docs_path,owner_verified_in_prose,tracked_in_open_gaps,estimated_doc_effort_hrs,recommended_action,notes,audit_revision,archived
POS 3.0,BUG-087,PayLater PAID badge on dashboard,SHIPPED + VERIFIED,OrderEntry.jsx; CollectPaymentPanel.jsx,PRESENT,PRESENT,PRESENT,WAIVED,PRESENT,PRESENT,N/A,0,RESOLVED,memory/bugs/intake/BUG_087_INTAKE_2026_05_30.md; memory/change_requests/production_hotfixes/PROD_HOTFIX_001_PREPAID_AUTO_SETTLE_PRINT_GUARD_IMPACT_ANALYSIS_2026_05_20.md; memory/change_requests/production_hotfixes/PROD_BUG_003_PAYLATER_TABLE_CLEAR_BASELINE_REANALYSIS_2026_05_20.md; memory/bugs/POS3_0_BUG_IMPACT_ANALYSIS_ADDENDUM.md; memory/bugs/POS3_0_BUG_IMPACT_ANALYSIS.md,TRUE,FALSE,2.0,All artifacts present (or WAIVED) — archived from active register,P0 bug; closed pre-artifact-rule expansion,v2.9_2026_05_30,Y
POS 3.0,BUG-088,Room Transfer v2 endpoint + socket,SHIPPED + VERIFIED,orderService.js; socketHandlers.js,PRESENT,PRESENT,PRESENT,WAIVED,PRESENT,PRESENT,N/A,0,RESOLVED,memory/change_requests/SUBSUMED_BACKLOG_001_REPORT_2026_05_30.md; memory/bugs/intake/BUG_088_INTAKE_2026_05_30.md; memory/bugs/intake/BUG_100_INTAKE_2026_05_30.md; memory/bugs/intake/BUG_089_INTAKE_2026_05_30.md; memory/bugs/intake/BUG_102_INTAKE_2026_05_30.md,TRUE,FALSE,2.0,All artifacts present (or WAIVED) — archived from active register,P1; v2 endpoint live,v2.9_2026_05_30,Y
POS 3.0,BUG-089,Eliminate redundant API calls on update-food-status,SHIPPED + VERIFIED,socketHandlers.js,PRESENT,PRESENT,PRESENT,PRESENT,PRESENT,PRESENT,N/A,0,RESOLVED,memory/bugs/intake/BUG_088_INTAKE_2026_05_30.md; memory/bugs/intake/BUG_100_INTAKE_2026_05_30.md; memory/bugs/intake/BUG_089_INTAKE_2026_05_30.md; memory/bugs/intake/BUG_102_INTAKE_2026_05_30.md; memory/bugs/intake/BUG_103_INTAKE_2026_05_30.md,TRUE,FALSE,1.5,All artifacts present (or WAIVED) — archived from active register,P1; dedup guard,v2.9_2026_05_30,Y
POS 3.0,BUG-097,Delivery dispatch + assign rider,"SHIPPED, SMOKE PENDING",OrderCard; TableCard; deliveryService; AssignRiderModal; orderTransform; CartPanel,PRESENT,PRESENT,PRESENT,PRESENT,PRESENT,PRESENT,N/A,0,RESOLVED,memory/change_requests/final_sprint_reconciliation/POS3_0_BUG_097_104_CONTINUATION_PLANNING_2026_05_20.md; memory/change_requests/production_hotfixes/PROD_BUG_002_AUTO_KOT_AUTO_BILL_TRIGGER_INVESTIGATION_2026_05_21.md; memory/change_requests/final_sprint_reconciliation/POS3_0_BUG_097_BUCKET_4_OWNER_APPROVAL_PLAN_2026_05_20.md; memory/change_requests/final_sprint_reconciliation/POS3_0_BUG_097_ANALYSIS_2026_05_19.md; memory/bugs/POS3_0_BUG_IMPACT_ANALYSIS_ADDENDUM.md,FALSE,TRUE,1.5,All artifacts present (or WAIVED) — archived from active register,P1; CartPanel gate PARKED; Bucket 5 backend-blocked,v2.9_2026_05_30,Y
POS 3.0,BUG-098,Use restaurant profile CRM key,SHIPPED + VERIFIED,authTransform.js; crmAxios.js,PRESENT,PRESENT,PRESENT,PRESENT,PRESENT,PRESENT,N/A,0,RESOLVED,memory/bugs/intake/BUG_098_INTAKE_2026_05_30.md; control/sessions/SESSION_START_2026_05_30_INTAKE_BACKFILL_AND_CODEGATE_WAIVER.md; memory/change_requests/final_sprint_reconciliation/POS3_0_CR_WAVE_1_OWNER_APPROVAL_PLAN_2026_05_18.md; memory/change_requests/final_sprint_reconciliation/POS3_0_BUG_108_BASELINE_RECONCILIATION_NOTE_2026_05_22.md; memory/bugs/POS3_0_BUG_IMPACT_ANALYSIS_ADDENDUM.md,TRUE,FALSE,1.5,All artifacts present (or WAIVED) — archived from active register,P1; FE closed,v2.9_2026_05_30,Y
POS 3.0,BUG-099,QSR / Cafe Quick Billing UX,SHIPPED + VERIFIED,CartPanel; OrderEntry; qsrModePrefs; StatusConfigPage,PRESENT,PRESENT,PRESENT,PRESENT,PRESENT,PRESENT,N/A,0,RESOLVED,memory/bugs/intake/BUG_099_INTAKE_2026_05_30.md; memory/change_requests/final_sprint_reconciliation/POS3_0_BUG_099_OWNER_APPROVAL_PLAN_2026_05_19.md; memory/change_requests/final_sprint_reconciliation/POS3_0_BUG_108_OWNER_DECISIONS_ADDENDUM_Q9_Q11_2026_05_22.md; memory/change_requests/final_sprint_reconciliation/POS3_0_CR_WAVE_1_OWNER_APPROVAL_PLAN_2026_05_18.md; memory/change_requests/final_sprint_reconciliation/POS3_0_BUG_108_BASELINE_RECONCILIATION_NOTE_2026_05_22.md,TRUE,FALSE,1.5,All artifacts present (or WAIVED) — archived from active register,P1; owner smoke PASS in prose only,v2.9_2026_05_30,Y
POS 3.0,BUG-100,Remove duplicate local toast notifications,SHIPPED + VERIFIED,Multiple components (11 dups removed),PRESENT,PRESENT,PRESENT,PRESENT,PRESENT,PRESENT,N/A,0,RESOLVED,memory/bugs/intake/BUG_088_INTAKE_2026_05_30.md; memory/bugs/intake/BUG_100_INTAKE_2026_05_30.md; memory/bugs/intake/BUG_089_INTAKE_2026_05_30.md; memory/bugs/intake/BUG_102_INTAKE_2026_05_30.md; memory/bugs/intake/BUG_103_INTAKE_2026_05_30.md,TRUE,FALSE,1.5,All artifacts present (or WAIVED) — archived from active register,P1,v2.9_2026_05_30,Y
POS 3.0,BUG-102,Mark Served/Ready button 20-30s delay,SHIPPED + VERIFIED,OrderCard; TableCard,PRESENT,PRESENT,PRESENT,PRESENT,PRESENT,PRESENT,N/A,0,RESOLVED,memory/bugs/intake/BUG_088_INTAKE_2026_05_30.md; memory/bugs/intake/BUG_100_INTAKE_2026_05_30.md; memory/bugs/intake/BUG_089_INTAKE_2026_05_30.md; memory/bugs/intake/BUG_102_INTAKE_2026_05_30.md; memory/bugs/intake/BUG_103_INTAKE_2026_05_30.md,TRUE,FALSE,1.5,All artifacts present (or WAIVED) — archived from active register,P0; 8s→immediate+2s fallback,v2.9_2026_05_30,Y
POS 3.0,BUG-103,Remove number input arrows,SHIPPED + VERIFIED,index.css,PRESENT,PRESENT,PRESENT,PRESENT,PRESENT,PRESENT,N/A,0,RESOLVED,memory/bugs/intake/BUG_088_INTAKE_2026_05_30.md; memory/bugs/intake/BUG_100_INTAKE_2026_05_30.md; memory/bugs/intake/BUG_089_INTAKE_2026_05_30.md; memory/bugs/intake/BUG_102_INTAKE_2026_05_30.md; memory/bugs/intake/BUG_103_INTAKE_2026_05_30.md,TRUE,FALSE,1.0,All artifacts present (or WAIVED) — archived from active register,P2; global CSS rule,v2.9_2026_05_30,Y
POS 3.0,BUG-108,CRM Coupon/Loyalty/Wallet,CRM-BLOCKED → PARTIAL,CollectPaymentPanel; couponService; loyaltyTransform,PRESENT,PRESENT,PRESENT,WAIVED,PRESENT,PRESENT,N/A,0,RESOLVED,memory/change_requests/POS_QSR_BUGS_BUG_109_BUG_110_DISCOVERY_REGISTRATION_2026_05_27.md; memory/change_requests/final_sprint_reconciliation/POS3_0_BUG_108_COUPON_CRM_CONTRACT_GAP_AND_QUESTIONS_2026_05_25.md; memory/change_requests/final_sprint_reconciliation/POS3_0_BUG_108_COUPON_FRONTEND_PAYLOAD_MAPPING_DISCOVERY_2026_05_25.md; memory/change_requests/final_sprint_reconciliation/POS3_0_BUG_108_API_INVENTORY_FOR_CRM_2026_05_22.md; memory/change_requests/final_sprint_reconciliation/POS3_0_BUG_108_COUPON_LOYALTY_WALLET_CRM_API_DISCOVERY_PLAN_2026_05_22.md,TRUE,TRUE,3.0,All artifacts present (or WAIVED) — archived from active register,P1 backend defect open (loyalty_idempotency_key=null order 869016),v2.9_2026_05_30,Y
POS 2.0,POS2-003,Print Agent Mapping,IMPLEMENTED + QA PASSED,orderTransform.js; OrderEntry.jsx,MISSING,PRESENT,PRESENT,MISSING,PRESENT,PRESENT,N/A,2,MEDIUM,memory/change_requests/qa_reports/POS2_003_FU_02_PRINTER_AGENT_NULL_GAP_ANALYSIS_2026_05_08.md; memory/change_requests/sprint_consolidation/POS2_0_OWNER_DECISIONS_AMENDMENT_2026_05_09.md; memory/change_requests/impact_analysis/POS2_003_PRINT_AGENT_MAPPING_CR_IMPACT_ANALYSIS_2026_05_08.md; memory/change_requests/implementation_plans/POS2_003_PRINT_AGENT_MAPPING_IMPLEMENTATION_PLAN_2026_05_08.md; memory/change_requests/implementation_summaries/POS2_005_F_STATUS_8_HOLD_REROUTE_IMPLEMENTATION_SUMMARY.md,FALSE,FALSE,1.0,Write remaining 2 artifact(s); near-closure,Awaiting live tenant smoke,v2.9_2026_05_30,
POS 2.0,POS2-003-FU-02,printer_agent null on Collect Bill,IMPLEMENTED,CollectPaymentPanel.jsx,MISSING,MISSING,PRESENT,MISSING,PARTIAL,MISSING,N/A,4,HIGH,change_requests/qa_reports/POS2_003_FU_02_PRINTER_AGENT_NULL_GAP_ANALYSIS_2026_05_08.md,FALSE,FALSE,1.5,Write Intake + Impact + Code Gate + Impl Summary + Smoke,Awaiting live tenant smoke,v2.9_2026_05_30,
POS 2.0,POS2-003-REOPEN-A,Update/cancel printer_agent + v2 endpoint review,IMPLEMENTED + WIRE QA PASSED,orderTransform.js; orderService.js,MISSING,PRESENT,PRESENT,MISSING,PRESENT,MISSING,N/A,3,MEDIUM,change_requests/impact_analysis/POS2_003_REOPEN_*; qa_reports/POS2_003_REOPEN_A_WIRE_LEVEL_QA_REPORT_2026_05_09.md; implementation_summaries/POS2_003_REOPEN_A_*,FALSE,FALSE,1.0,Write Intake + Code Gate + Owner Smoke Sign-off,29/29 wire cases pass; live tenant smoke pending,v2.9_2026_05_30,
POS 2.0,POS2-005,f_status=8 Hold/Audit reroute,IMPLEMENTED + QA PASSED,DashboardPage.jsx; OrderTable.jsx,PRESENT,PRESENT,PRESENT,PRESENT,PRESENT,PRESENT,N/A,0,RESOLVED,memory/crs/intake/POS2-005-FU__B_INTAKE_2026_05_30.md; control/sessions/SESSION_START_2026_05_30_SUBSUMED_BACKLOG_ATTESTATION.md; memory/change_requests/impact_analysis/POS2_005_F_STATUS_8_HOLD_REROUTE_CR_IMPACT_ANALYSIS_2026_05_08.md; memory/change_requests/impact_analysis/POS2_005_FU_STATUS_8_9_COLLECT_BILL_AND_PG_FILTER_INVESTIGATION_2026_05_09.md; memory/change_requests/impact_analysis/POS2_006_CONFIRM_ORDER_TONE_INVESTIGATION_2026_05_09.md,FALSE,FALSE,1.0,All artifacts present (or WAIVED) — archived from active register,Status columns exclude id:8,v2.9_2026_05_30,Y
POS 2.0,POS2-005-FU §A,Collect-Bill hidden for status-8,IMPLEMENTED,OrderTable.jsx,MISSING,PRESENT,MISSING,MISSING,MISSING,MISSING,N/A,5,CRITICAL,change_requests/impact_analysis/POS2_005_FU_STATUS_8_9_COLLECT_BILL_AND_PG_FILTER_INVESTIGATION_2026_05_09.md,FALSE,FALSE,1.5,Write Intake + Plan + Code Gate + Impl Summary + Smoke,Code-walk PASS only,v2.9_2026_05_30,
POS 2.0,POS2-007 Phase 1,Confirm-order tone FE override,IMPLEMENTED + QA PASSED,DashboardPage.jsx; soundManager.js,MISSING,MISSING,MISSING,MISSING,PRESENT,MISSING,N/A,5,CRITICAL,qa_reports/POS2_007_PHASE1_CONFIRM_ORDER_TONE_OVERRIDE_QA_REPORT.md; implementation_summaries/POS2_007_PHASE1_*,FALSE,FALSE,1.5,Write Intake + Impact + Plan + Code Gate + Smoke,,v2.9_2026_05_30,
POS 3.1,BUG-109,QSR takeaway/delivery customer validation parity,SHIPPED + VERIFIED,CartPanel.jsx,PRESENT,MISSING,PRESENT,WAIVED,MISSING,MISSING,MISSING,3,MEDIUM,memory/change_requests/POS_QSR_BUGS_BUG_109_BUG_110_DISCOVERY_REGISTRATION_2026_05_27.md; memory/bugs/code_gate_waivers/BUG_109_CG_WAIVER.md; control/CODE_GATE_WAIVER_REGISTRY_2026_05_30.md,TRUE,FALSE,1.0,Write Impact + Impl Summary + QA Report + Owner Smoke Sign-off (reconstruct from HANDOVER_NEXT_AGENT_2026_05_27.md),Owner-verified in handover prose; T-DISCOUNT-CLUB PASS,v2.9_2026_05_30,
POS 3.1,BUG-110,QSR prepaid lock parity,SHIPPED + VERIFIED,CartPanel.jsx,PRESENT,MISSING,PRESENT,WAIVED,MISSING,MISSING,MISSING,3,MEDIUM,memory/change_requests/POS_QSR_BUGS_BUG_109_BUG_110_DISCOVERY_REGISTRATION_2026_05_27.md; memory/bugs/code_gate_waivers/BUG_110_CG_WAIVER.md; control/CODE_GATE_WAIVER_REGISTRY_2026_05_30.md,TRUE,FALSE,1.0,Write Impact + Impl Summary + QA Report + Owner Smoke Sign-off,Owner-verified in handover prose,v2.9_2026_05_30,
POS 3.1,BUG-111,QSR bill parity (Grand Total + breakdown),SHIPPED + VERIFIED,CartPanel.jsx; OrderEntry.jsx,PRESENT,PRESENT,PRESENT,WAIVED,MISSING,MISSING,MISSING,2,MEDIUM,memory/bugs/intake/BUG_111_INTAKE_2026_05_30.md; memory/bugs/AUDIT_REPORT_API_INVESTIGATION_2026_05_27.md; memory/bugs/code_gate_waivers/BUG_111_CG_WAIVER.md; control/CODE_GATE_WAIVER_REGISTRY_2026_05_30.md,TRUE,FALSE,1.5,Write remaining 2 artifact(s); near-closure,Owner-verified via T-DISCOUNT-CLUB PASS (handover prose),v2.9_2026_05_30,
CRM 2.0,CR-002,Cross-Sell + Customer Intelligence,CODE-COMPLETE,4 new files + 4 modified (customerIntelService.js; customerIntelTransform.js; useCustomerIntel.js; relativeTime.js; OrderEntry.jsx; CustomerModal.jsx; ItemNotesModal.jsx; OrderNotesModal.jsx),PRESENT,PRESENT,PRESENT,WAIVED,PRESENT,PRESENT,N/A,0,RESOLVED,memory/change_requests/production_hotfixes/PROD_HOTFIX_006_007_INTAKE_2026_05_29.md; memory/crm/crm_2_0/implementation/CRM2_0_CR_002_CROSS_SELL_REQUIREMENTS_FREEZE_2026_05_26.md; memory/crm/crm_2_0/contract/CRM2_0_CR_002_CROSS_SELL_CONTRACT_FREEZE_2026_05_26.md; control/SUBSUMED_BACKLOG_OWNER_ATTESTATION_2026_05_30.md; control/sessions/SESSION_START_2026_05_30_SUBSUMED_BACKLOG_ATTESTATION.md,FALSE,TRUE,2.0,All artifacts present (or WAIVED) — archived from active register,OG-02 (P1) + OG-10 (preview gate bypass) already tracked,v2.9_2026_05_30,Y
Standalone,Audit Report Optimization CR,Transform rewrite + dual-mode OrderDetailSheet + Paid→Settled,SHIPPED,reportTransform; reportService; OrderDetailSheet; FilterBar; FilterTags; AllOrdersReportPage,MISSING,PRESENT,PRESENT,MISSING,PRESENT,MISSING,N/A,3,MEDIUM,change_requests/AUDIT_REPORT_OPTIMISE_CR_CLEAN_PLAN_2026_05_28.md; change_requests/AUDIT_REPORT_CR_QA_HANDOVER_2026_05_29.md; bugs/AUDIT_REPORT_*.md,FALSE,FALSE,1.5,Write Intake + Code Gate + Owner Smoke Sign-off,reportService.js reduced 1257→744 lines,v2.9_2026_05_30,
Production Hotfix,PROD-001,Prepaid auto-settle print guard,CLOSED — OWNER VERIFIED,(planning only — no code fix needed),PRESENT,PRESENT,PRESENT,WAIVED,PRESENT,PRESENT,N/A,0,RESOLVED,memory/bugs/intake/PROD_001_INTAKE_2026_05_30.md; memory/bugs/code_gate_waivers/PROD_001_CG_WAIVER.md; control/CODE_GATE_WAIVER_REGISTRY_2026_05_30.md,TRUE,FALSE,0.5,All artifacts present (or WAIVED) — archived from active register,10/10 QA PASS; only true near-fully-closed item,v2.9_2026_05_30,Y
Production Hotfix,PROD-002,Settle print guard,RUNTIME-QA-PENDING,(no code fix),MISSING,PRESENT,MISSING,MISSING,PARTIAL,MISSING,N/A,4,HIGH,change_requests/production_hotfixes/PROD_BUG_002_AUTO_KOT_AUTO_BILL_TRIGGER_INVESTIGATION_2026_05_21.md; PROD_BUG_002_SETTLE_PRINT_GUARD_RUNTIME_QA_CHECKLIST_2026_05_21.md,FALSE,FALSE,0.5,Run 25-row checklist then close,Pending by design,v2.9_2026_05_30,
Production Hotfix,PROD-003,PayLater table clear,"FE-VERIFIED, BE-FOLLOWUP",(FE only — backend must emit on update-order-paid),MISSING,PRESENT,PRESENT,MISSING,PRESENT,MISSING,N/A,3,MEDIUM,change_requests/production_hotfixes/PROD_BUG_003_*.md (5 docs),FALSE,TRUE,1.0,Write Intake + Code Gate + Owner Smoke Sign-off; await BE follow-up,Backend follow-up open,v2.9_2026_05_30,
Production Hotfix,PROD-HOTFIX-004,Walk-in cart not cleared on stay-on-order,SHIPPED,DashboardPage.jsx (+2 lines),MISSING,PARTIAL,PARTIAL,MISSING,PARTIAL,MISSING,N/A,3,MEDIUM,change_requests/production_hotfixes/PROD_HOTFIX_004_WALKIN_CART_NOT_CLEARED_2026_05_27.md (single combined doc),FALSE,FALSE,1.0,"Split combined doc into Intake + Impact + Plan + Code Gate + QA + Smoke OR formally accept ""combined hotfix doc"" convention",Single-file doc fails artifact rule,v2.9_2026_05_30,
Production Hotfix,PROD-HOTFIX-005,Prepaid screen clear delay,SHIPPED,DashboardPage.jsx (+5 lines),MISSING,PARTIAL,PARTIAL,MISSING,PARTIAL,MISSING,N/A,3,MEDIUM,change_requests/production_hotfixes/PROD_HOTFIX_005_PREPAID_SCREEN_CLEAR_DELAY_2026_05_27.md (single combined doc),FALSE,FALSE,1.0,Same as PROD-004,Single-file doc fails artifact rule,v2.9_2026_05_30,
Production Hotfix,PROD-007,Loyalty earn points displayed on Collect Bill,CLOSED — OWNER VERIFIED,loyaltyTransform.js (+3); CollectPaymentPanel.jsx (+5),PRESENT,PRESENT,MISSING,WAIVED,MISSING,PRESENT,MISSING,2,MEDIUM,memory/bugs/intake/PROD_007_INTAKE_2026_05_30.md; memory/change_requests/production_hotfixes/PROD_007_008_IMPACT_ANALYSIS_2026_05_29.md; memory/bugs/code_gate_waivers/PROD_007_CG_WAIVER.md; control/CODE_GATE_WAIVER_REGISTRY_2026_05_30.md; memory/BIG_BATCH_CLOSURE_001_OWNER_SMOKE_SIGNOFF_2026_05_30.md,TRUE,FALSE,1.0,Write remaining 2 artifact(s); near-closure,Owner verified in prose only; CR_REGISTRY shows both INTAKE and CLOSED states (registry self-contradiction),v2.9_2026_05_30,
Production Hotfix,PROD-008,Manual KOT/Bill print custName & custPhone NULL,CLOSED — OWNER VERIFIED,orderService.js (+2 lines L155-156),PRESENT,PRESENT,MISSING,WAIVED,MISSING,PRESENT,MISSING,2,MEDIUM,memory/bugs/intake/PROD_008_INTAKE_2026_05_30.md; memory/change_requests/production_hotfixes/PROD_007_008_IMPACT_ANALYSIS_2026_05_29.md; memory/bugs/code_gate_waivers/PROD_008_CG_WAIVER.md; control/CODE_GATE_WAIVER_REGISTRY_2026_05_30.md; memory/BIG_BATCH_CLOSURE_001_OWNER_SMOKE_SIGNOFF_2026_05_30.md,TRUE,FALSE,1.0,Write remaining 2 artifact(s); near-closure,Owner verified in prose only,v2.9_2026_05_30,
POS 2.0,BUG-057,Prepaid Order Missing Print Bill Button,CLOSED — OWNER VERIFIED,,PRESENT,PRESENT,PRESENT,PRESENT,PRESENT,PRESENT,PRESENT,0,RESOLVED,memory/bugs/intake/BUG_066_INTAKE_2026_05_30.md; memory/bugs/intake/BUG_052_INTAKE_2026_05_30.md; memory/bugs/intake/BUG_062_INTAKE_2026_05_30.md; memory/bugs/intake/BUG_055_INTAKE_2026_05_30.md; memory/bugs/intake/BUG_056_INTAKE_2026_05_30.md,,,0,All artifacts present (or WAIVED) — archived from active register,Added 2026-05-30 smoke backfill batch (auto-promoted),v2.9_2026_05_30,Y
POS 2.0,BUG-059,Audit Report Print Bill option for Completed/Cancelled Orders,CLOSED — OWNER VERIFIED,,PRESENT,PRESENT,PRESENT,PRESENT,PRESENT,PRESENT,PRESENT,0,RESOLVED,memory/bugs/intake/BUG_066_INTAKE_2026_05_30.md; memory/bugs/intake/BUG_052_INTAKE_2026_05_30.md; memory/bugs/intake/BUG_062_INTAKE_2026_05_30.md; memory/bugs/intake/BUG_055_INTAKE_2026_05_30.md; memory/bugs/intake/BUG_056_INTAKE_2026_05_30.md,,,0,All artifacts present (or WAIVED) — archived from active register,Added 2026-05-30 smoke backfill batch (auto-promoted),v2.9_2026_05_30,Y
POS 2.0,BUG-060,Table Remains Occupied After Transferring Order to Room,CLOSED — OWNER VERIFIED,,PRESENT,PRESENT,PRESENT,PRESENT,PRESENT,PRESENT,PRESENT,0,RESOLVED,memory/change_requests/final_sprint_reconciliation/POS3_0_REQUIREMENT_SOURCE_FOR_INTAKE_2026_05_18.md; memory/bugs/intake/BUG_066_INTAKE_2026_05_30.md; memory/bugs/intake/BUG_052_INTAKE_2026_05_30.md; memory/bugs/intake/BUG_062_INTAKE_2026_05_30.md; memory/bugs/intake/BUG_055_INTAKE_2026_05_30.md,,,0,All artifacts present (or WAIVED) — archived from active register,Added 2026-05-30 smoke backfill batch (auto-promoted),v2.9_2026_05_30,Y
POS 2.0,BUG-061,Room Check-in Time Not Showing in Audit Report,CLOSED — OWNER VERIFIED,,PRESENT,PRESENT,PRESENT,PRESENT,PRESENT,PRESENT,PRESENT,0,RESOLVED,memory/change_requests/final_sprint_reconciliation/POS3_0_REQUIREMENT_SOURCE_FOR_INTAKE_2026_05_18.md; memory/bugs/intake/BUG_066_INTAKE_2026_05_30.md; memory/bugs/intake/BUG_052_INTAKE_2026_05_30.md; memory/bugs/intake/BUG_062_INTAKE_2026_05_30.md; memory/bugs/intake/BUG_055_INTAKE_2026_05_30.md,,,0,All artifacts present (or WAIVED) — archived from active register,Added 2026-05-30 smoke backfill batch (auto-promoted),v2.9_2026_05_30,Y
POS 2.0,BUG-068,Pending Scan & Order Popup After Socket Reconnect,CLOSED — OWNER VERIFIED,,PRESENT,PRESENT,PRESENT,PRESENT,PRESENT,PRESENT,PRESENT,0,RESOLVED,memory/bugs/intake/BUG_066_INTAKE_2026_05_30.md; memory/bugs/intake/BUG_052_INTAKE_2026_05_30.md; memory/bugs/intake/BUG_062_INTAKE_2026_05_30.md; memory/bugs/intake/BUG_055_INTAKE_2026_05_30.md; memory/bugs/intake/BUG_056_INTAKE_2026_05_30.md,,,0,All artifacts present (or WAIVED) — archived from active register,Added 2026-05-30 smoke backfill batch (auto-promoted),v2.9_2026_05_30,Y
POS 2.0,BUG-071,"UI and Bills Show User-Facing Order ID, Not Database ID",CLOSED — OWNER VERIFIED,,PRESENT,PRESENT,PRESENT,PRESENT,PRESENT,PRESENT,PRESENT,0,RESOLVED,memory/bugs/intake/BUG_009_INTAKE_2026_05_30.md; memory/bugs/intake/BUG_076_INTAKE_2026_05_30.md; memory/change_requests/final_sprint_reconciliation/POS2_0_WAVE_5_OWNER_APPROVAL_PLAN_2026_05_17.md; memory/change_requests/final_sprint_reconciliation/POS2_0_OWNER_DECISION_BUG_PLANNING_2026_05_17.md; memory/bugs/POS2_0_BUG_IMPACT_ANALYSIS.md,,,0,All artifacts present (or WAIVED) — archived from active register,Added 2026-05-30 smoke backfill batch (auto-promoted),v2.9_2026_05_30,Y
POS 2.0,BUG-065,Corporate Room Check-in Details Not Captured/Passed to Bill/BOS,CLOSED — OWNER VERIFIED,,PRESENT,PRESENT,PRESENT,WAIVED,PRESENT,PRESENT,PRESENT,0,RESOLVED,memory/change_requests/final_sprint_reconciliation/POS3_0_REQUIREMENT_SOURCE_FOR_INTAKE_2026_05_18.md; memory/bugs/intake/BUG_066_INTAKE_2026_05_30.md; memory/bugs/intake/BUG_080_INTAKE_2026_05_30.md; memory/bugs/intake/BUG_052_INTAKE_2026_05_30.md; memory/bugs/intake/BUG_062_INTAKE_2026_05_30.md,,,0,All artifacts present (or WAIVED) — archived from active register,Added 2026-05-30 smoke backfill batch (auto-promoted),v2.9_2026_05_30,Y
POS 2.0,BUG-070,Area-wise Segregation Missing in Table/Channel View,CLOSED — OWNER VERIFIED,,PRESENT,PRESENT,PRESENT,PRESENT,PRESENT,PRESENT,PRESENT,0,RESOLVED,memory/bugs/intake/BUG_070_INTAKE_2026_05_30.md; memory/change_requests/final_sprint_reconciliation/POS2_0_WAVE_5_OWNER_APPROVAL_PLAN_2026_05_17.md; memory/change_requests/final_sprint_reconciliation/POS2_0_OWNER_DECISION_BUG_PLANNING_2026_05_17.md; memory/bugs/POS2_0_BUG_IMPACT_ANALYSIS.md; memory/change_requests/final_sprint_reconciliation/POS2_0_MASTER_PLAN_AUDIT_AND_CORRECTION_2026_05_17.md,,,0,All artifacts present (or WAIVED) — archived from active register,Added 2026-05-30 smoke backfill batch (auto-promoted),v2.9_2026_05_30,Y
POS 2.0,BUG-074,Login Remember Me Button Not Working,CLOSED — OWNER VERIFIED,,PRESENT,PRESENT,PRESENT,WAIVED,PRESENT,PRESENT,PRESENT,0,RESOLVED,memory/bugs/intake/BUG_066_INTAKE_2026_05_30.md; memory/bugs/intake/BUG_052_INTAKE_2026_05_30.md; memory/bugs/intake/BUG_062_INTAKE_2026_05_30.md; memory/bugs/intake/BUG_055_INTAKE_2026_05_30.md; memory/bugs/intake/BUG_056_INTAKE_2026_05_30.md,,,0,All artifacts present (or WAIVED) — archived from active register,Added 2026-05-30 smoke backfill batch (auto-promoted),v2.9_2026_05_30,Y
POS 2.0,BUG-082,Read Socket Index 4 as Primary Web Source,CLOSED — OWNER VERIFIED,,PRESENT,PRESENT,PRESENT,PRESENT,PRESENT,PRESENT,PRESENT,0,RESOLVED,memory/bugs/intake/BUG_082_INTAKE_2026_05_30.md; memory/bugs/intake/BUG_010_INTAKE_2026_05_30.md; memory/change_requests/final_sprint_reconciliation/POS2_0_OWNER_DECISION_BUG_PLANNING_2026_05_17.md; memory/change_requests/final_sprint_reconciliation/POS2_0_WAVE_6_OWNER_APPROVAL_PLAN_2026_05_17.md; memory/bugs/POS2_0_BUG_IMPACT_ANALYSIS.md,,,0,All artifacts present (or WAIVED) — archived from active register,Added 2026-05-30 smoke backfill batch (auto-promoted),v2.9_2026_05_30,Y
POS 2.0,BUG-053,GST Split Label Should Not Hardcode SGST/CGST Percentage When Item-Level GST Differs,CLOSED — OWNER VERIFIED,,PRESENT,PRESENT,PRESENT,WAIVED,PRESENT,PRESENT,PRESENT,0,RESOLVED,memory/bugs/intake/BUG_066_INTAKE_2026_05_30.md; memory/bugs/intake/BUG_052_INTAKE_2026_05_30.md; memory/bugs/intake/BUG_062_INTAKE_2026_05_30.md; memory/bugs/intake/BUG_055_INTAKE_2026_05_30.md; memory/bugs/intake/BUG_012_INTAKE_2026_05_30.md,Y,N,0,All artifacts present (or WAIVED) — archived from active register,Added 2026-05-30 big-batch closure v2.6,v2.9_2026_05_30,Y
POS 2.0,BUG-063,Room Bill Print Is Missing Required Room-Related Keys,CLOSED — OWNER VERIFIED,,PRESENT,PRESENT,PRESENT,WAIVED,PRESENT,PRESENT,PRESENT,0,RESOLVED,memory/bugs/intake/BUG_066_INTAKE_2026_05_30.md; memory/bugs/intake/BUG_080_INTAKE_2026_05_30.md; memory/bugs/intake/BUG_052_INTAKE_2026_05_30.md; memory/bugs/intake/BUG_062_INTAKE_2026_05_30.md; memory/bugs/intake/BUG_055_INTAKE_2026_05_30.md,Y,N,0,All artifacts present (or WAIVED) — archived from active register,Added 2026-05-30 big-batch closure v2.6,v2.9_2026_05_30,Y
POS 2.0,BUG-076,Replace Conditional Round to Always Math.ceil(),CLOSED — OWNER VERIFIED,,PRESENT,PRESENT,PRESENT,WAIVED,PRESENT,PRESENT,PRESENT,0,RESOLVED,memory/bugs/intake/BUG_076_INTAKE_2026_05_30.md; memory/change_requests/final_sprint_reconciliation/POS2_0_OWNER_DECISION_BUG_PLANNING_2026_05_17.md; memory/change_requests/final_sprint_reconciliation/POS2_0_PHASE_4_OWNER_DECISION_CAPTURE_2026_05_17.md; memory/bugs/POS2_0_BUG_IMPACT_ANALYSIS.md; memory/change_requests/final_sprint_reconciliation/POS2_0_MASTER_PLAN_AUDIT_AND_CORRECTION_2026_05_17.md,Y,N,0,All artifacts present (or WAIVED) — archived from active register,Added 2026-05-30 big-batch closure v2.6,v2.9_2026_05_30,Y
POS 2.0,BUG-077,Add .trim() to Mobile Before CRM Lookup,CLOSED — OWNER VERIFIED,,PRESENT,PRESENT,PRESENT,WAIVED,PRESENT,PRESENT,PRESENT,0,RESOLVED,memory/bugs/intake/BUG_077_INTAKE_2026_05_30.md; memory/change_requests/final_sprint_reconciliation/POS2_0_OWNER_DECISION_BUG_PLANNING_2026_05_17.md; memory/bugs/POS2_0_BUG_IMPACT_ANALYSIS.md; memory/change_requests/final_sprint_reconciliation/POS2_0_MASTER_PLAN_AUDIT_AND_CORRECTION_2026_05_17.md; memory/change_requests/final_sprint_reconciliation/POS2_0_MASTER_IMPLEMENTATION_PLAN_2026_05_17.md,Y,N,0,All artifacts present (or WAIVED) — archived from active register,Added 2026-05-30 big-batch closure v2.6,v2.9_2026_05_30,Y
POS 2.0,BUG-081,"Confirm/Fix Snooze to 120,000ms (2 min)",CLOSED — OWNER VERIFIED,,PRESENT,PRESENT,PRESENT,WAIVED,PRESENT,PRESENT,PRESENT,0,RESOLVED,memory/bugs/intake/BUG_081_INTAKE_2026_05_30.md; memory/change_requests/final_sprint_reconciliation/POS2_0_OWNER_DECISION_BUG_PLANNING_2026_05_17.md; memory/bugs/POS2_0_BUG_IMPACT_ANALYSIS.md; memory/change_requests/final_sprint_reconciliation/POS2_0_MASTER_PLAN_AUDIT_AND_CORRECTION_2026_05_17.md; memory/change_requests/final_sprint_reconciliation/POS2_0_MASTER_IMPLEMENTATION_PLAN_2026_05_17.md,Y,N,0,All artifacts present (or WAIVED) — archived from active register,Added 2026-05-30 big-batch closure v2.6,v2.9_2026_05_30,Y
POS 2.0,BUG-086,Confirm Room Order Grand Total Key Name,CLOSED — OWNER VERIFIED,,PRESENT,PRESENT,PRESENT,WAIVED,PRESENT,PRESENT,PRESENT,0,RESOLVED,memory/bugs/intake/BUG_086_INTAKE_2026_05_30.md; memory/change_requests/final_sprint_reconciliation/POS2_0_OWNER_DECISION_BUG_PLANNING_2026_05_17.md; memory/bugs/POS2_0_BUG_IMPACT_ANALYSIS.md; memory/change_requests/final_sprint_reconciliation/POS2_0_MASTER_PLAN_AUDIT_AND_CORRECTION_2026_05_17.md; memory/change_requests/final_sprint_reconciliation/POS2_0_MASTER_IMPLEMENTATION_PLAN_2026_05_17.md,Y,N,0,All artifacts present (or WAIVED) — archived from active register,Added 2026-05-30 big-batch closure v2.6,v2.9_2026_05_30,Y
pos_final_1.0,BUG-037,Scan Order Confirm Fails When Default Configuration Is Delivered,CLOSED — OWNER VERIFIED,,PRESENT,PRESENT,PRESENT,PRESENT,PRESENT,PRESENT,PRESENT,0,RESOLVED,memory/bugs/intake/BUG_037_INTAKE_2026_05_30.md; memory/bugs/POS_FINAL_1_0_BUG_IMPACT_ANALYSIS.md; memory/bugs/POS_FINAL_1_0_BUG_IMPLEMENTATION_PLAN_BUCKET_1.md; memory/bugs/POS_FINAL_1_0_BUG_045_PRE_IMPL_CODE_GATE.md; memory/bugs/code_gate_waivers/BUG_037_CG_WAIVER.md,Y,N,0,All artifacts present (or WAIVED) — archived from active register,Added 2026-05-30 big-batch closure v2.6,v2.9_2026_05_30,Y
pos_final_1.0,BUG-039,Delivery Order Audit Detail Calculation Shows Delivery Charge as Tax,CLOSED — OWNER VERIFIED,,PRESENT,PRESENT,PRESENT,WAIVED,PRESENT,PRESENT,PRESENT,0,RESOLVED,memory/bugs/intake/BUG_039_INTAKE_2026_05_30.md; memory/bugs/AUDIT_REPORT_API_INVESTIGATION_2026_05_27.md; memory/bugs/POS_FINAL_1_0_BUG_IMPACT_ANALYSIS.md; memory/bugs/code_gate_waivers/BUG_039_CG_WAIVER.md; control/CODE_GATE_WAIVER_REGISTRY_2026_05_30.md,Y,N,0,All artifacts present (or WAIVED) — archived from active register,Added 2026-05-30 big-batch closure v2.6,v2.9_2026_05_30,Y
pos_final_1.0,BUG-043,Room Orders Report Wrongly Shows Discount Column,CLOSED — OWNER VERIFIED,,PRESENT,PRESENT,PRESENT,WAIVED,PRESENT,PRESENT,PRESENT,0,RESOLVED,memory/bugs/BUG_048_INTAKE.md; memory/bugs/POS_FINAL_1_0_BUG_IMPACT_ANALYSIS.md; memory/bugs/BUG_048_ROOM_REPORT_IMPACT_ANALYSIS.md; memory/bugs/code_gate_waivers/BUG_043_CG_WAIVER.md; control/CODE_GATE_WAIVER_REGISTRY_2026_05_30.md,Y,N,0,All artifacts present (or WAIVED) — archived from active register,Added 2026-05-30 big-batch closure v2.6,v2.9_2026_05_30,Y
pos_final_1.0,BUG-047,Order Placed From Mayur Kitchen But Buzzer Says 18 March,CLOSED — OWNER VERIFIED,,PRESENT,PRESENT,PRESENT,WAIVED,PRESENT,PRESENT,PRESENT,0,RESOLVED,memory/bugs/BUG_048_INTAKE.md; memory/bugs/intake/BUG_037_INTAKE_2026_05_30.md; memory/bugs/POS_FINAL_1_0_BUG_IMPACT_ANALYSIS.md; memory/bugs/code_gate_waivers/BUG_047_CG_WAIVER.md; control/CODE_GATE_WAIVER_REGISTRY_2026_05_30.md,Y,N,0,All artifacts present (or WAIVED) — archived from active register,Added 2026-05-30 big-batch closure v2.6,v2.9_2026_05_30,Y
pos_final_1.0,BUG-049,PayLater Payment Leaves NA On Available Table Card,CLOSED — OWNER VERIFIED,,PRESENT,PRESENT,PRESENT,WAIVED,PRESENT,PRESENT,PRESENT,0,RESOLVED,memory/bugs/BUG_049_INTAKE.md; memory/change_requests/production_hotfixes/PROD_HOTFIX_001_PREPAID_AUTO_SETTLE_PRINT_GUARD_IMPACT_ANALYSIS_2026_05_20.md; memory/bugs/BUG_049_PAYLATER_NA_TABLE_CARD_IMPACT_ANALYSIS.md; memory/bugs/code_gate_waivers/BUG_049_CG_WAIVER.md; control/CODE_GATE_WAIVER_REGISTRY_2026_05_30.md,Y,N,0,All artifacts present (or WAIVED) — archived from active register,Added 2026-05-30 big-batch closure v2.6,v2.9_2026_05_30,Y
(legacy),BUG-002,Postpaid Collect Bill Auto Bill Print Not Triggered,CLOSED — OWNER VERIFIED,,PRESENT,PRESENT,PRESENT,WAIVED,PRESENT,PRESENT,PRESENT,0,RESOLVED,memory/bugs/intake/BUG_002_INTAKE_2026_05_30.md; memory/change_requests/production_hotfixes/PROD_HOTFIX_001_PREPAID_AUTO_SETTLE_PRINT_GUARD_IMPACT_ANALYSIS_2026_05_20.md; memory/change_requests/production_hotfixes/PROD_BUG_002_AUTO_KOT_AUTO_BILL_TRIGGER_INVESTIGATION_2026_05_21.md; memory/bugs/BUG_ANALYSIS_029.md; control/OWNER_DECISION_QUEUE.md,Y,N,0,All artifacts present (or WAIVED) — archived from active register,Added 2026-05-30 big-batch closure v2.6,v2.9_2026_05_30,Y
(legacy),BUG-004,Split Bill Total Amount Shown Wrong,CLOSED — OWNER VERIFIED,,PRESENT,PRESENT,PRESENT,WAIVED,PRESENT,PRESENT,PRESENT,0,RESOLVED,memory/bugs/intake/BUG_004_INTAKE_2026_05_30.md; memory/change_requests/final_sprint_reconciliation/POS3_0_BUG_108_COUPON_PHASE_V1_IMPLEMENTATION_PLAN_2026_05_25.md; memory/bugs/code_gate_waivers/BUG_004_CG_WAIVER.md; control/CODE_GATE_WAIVER_REGISTRY_2026_05_30.md,Y,N,0,All artifacts present (or WAIVED) — archived from active register,Added 2026-05-30 big-batch closure v2.6,v2.9_2026_05_30,Y
(legacy),BUG-007,Place Order Payload for Delivery Orders Missing Full delivery_address,CLOSED — OWNER VERIFIED,,PRESENT,PRESENT,PRESENT,WAIVED,PRESENT,PRESENT,PRESENT,0,RESOLVED,memory/bugs/intake/BUG_007_INTAKE_2026_05_30.md; memory/bugs/code_gate_waivers/BUG_007_CG_WAIVER.md; control/CODE_GATE_WAIVER_REGISTRY_2026_05_30.md,Y,N,0,All artifacts present (or WAIVED) — archived from active register,Added 2026-05-30 big-batch closure v2.6,v2.9_2026_05_30,Y
(legacy),BUG-008,Online Order Confirm Button Not Working,CLOSED — OWNER VERIFIED,,PRESENT,PRESENT,PRESENT,WAIVED,PRESENT,PRESENT,PRESENT,0,RESOLVED,memory/bugs/intake/BUG_008_INTAKE_2026_05_30.md; memory/bugs/code_gate_waivers/BUG_008_CG_WAIVER.md; control/CODE_GATE_WAIVER_REGISTRY_2026_05_30.md,Y,N,0,All artifacts present (or WAIVED) — archived from active register,Added 2026-05-30 big-batch closure v2.6,v2.9_2026_05_30,Y
(legacy),BUG-010,Discount and Tip Fields No Programmatic Max Validation,CLOSED — OWNER VERIFIED,,PRESENT,PRESENT,PRESENT,WAIVED,PRESENT,PRESENT,PRESENT,0,RESOLVED,memory/bugs/intake/BUG_010_INTAKE_2026_05_30.md; memory/bugs/code_gate_waivers/BUG_010_CG_WAIVER.md; control/CODE_GATE_WAIVER_REGISTRY_2026_05_30.md,Y,N,0,All artifacts present (or WAIVED) — archived from active register,Added 2026-05-30 big-batch closure v2.6,v2.9_2026_05_30,Y
(legacy),BUG-011,Scan & Order Confirm Spins Indefinitely API 404,CLOSED — OWNER VERIFIED,,PRESENT,PRESENT,PRESENT,WAIVED,PRESENT,PRESENT,PRESENT,0,RESOLVED,memory/bugs/intake/BUG_011_INTAKE_2026_05_30.md; memory/bugs/POS_FINAL_1_0_BUG_IMPACT_ANALYSIS.md; memory/bugs/code_gate_waivers/BUG_011_CG_WAIVER.md; control/CODE_GATE_WAIVER_REGISTRY_2026_05_30.md; memory/bugs/BUG_037_SMOKE_SIGNOFF.md,Y,N,0,All artifacts present (or WAIVED) — archived from active register,Added 2026-05-30 big-batch closure v2.6,v2.9_2026_05_30,Y
(legacy),BUG-012,Delivery Order Edit Address Not Showing in UI,CLOSED — OWNER VERIFIED,,PRESENT,PRESENT,PRESENT,WAIVED,PRESENT,PRESENT,PRESENT,0,RESOLVED,memory/bugs/intake/BUG_012_INTAKE_2026_05_30.md; memory/bugs/code_gate_waivers/BUG_012_CG_WAIVER.md; control/CODE_GATE_WAIVER_REGISTRY_2026_05_30.md,Y,N,0,All artifacts present (or WAIVED) — archived from active register,Added 2026-05-30 big-batch closure v2.6,v2.9_2026_05_30,Y
(legacy),BUG-016,Delivery Payload Being Sent on Non-Delivery Order Types,CLOSED — OWNER VERIFIED,,PRESENT,PRESENT,PRESENT,WAIVED,PRESENT,PRESENT,PRESENT,0,RESOLVED,memory/bugs/intake/BUG_016_INTAKE_2026_05_30.md; memory/bugs/code_gate_waivers/BUG_016_CG_WAIVER.md; control/CODE_GATE_WAIVER_REGISTRY_2026_05_30.md; memory/bugs/BUG_016_SMOKE_SIGNOFF.md,Y,N,0,All artifacts present (or WAIVED) — archived from active register,Added 2026-05-30 big-batch closure v2.6,v2.9_2026_05_30,Y
(legacy),BUG-017,Quantity Input Amount Not Updating With Variants,CLOSED — OWNER VERIFIED,,PRESENT,PRESENT,PRESENT,WAIVED,PRESENT,PRESENT,PRESENT,0,RESOLVED,memory/bugs/intake/BUG_017_INTAKE_2026_05_30.md; memory/bugs/code_gate_waivers/BUG_017_CG_WAIVER.md; control/CODE_GATE_WAIVER_REGISTRY_2026_05_30.md; memory/bugs/BUG_035_SMOKE_SIGNOFF.md,Y,N,0,All artifacts present (or WAIVED) — archived from active register,Added 2026-05-30 big-batch closure v2.6,v2.9_2026_05_30,Y
(legacy),BUG-024,Mark Order Ready Backend Does Not Cascade food_status,CLOSED — OWNER VERIFIED,,PRESENT,PRESENT,PRESENT,WAIVED,PRESENT,PRESENT,PRESENT,0,RESOLVED,memory/bugs/intake/BUG_024_INTAKE_2026_05_30.md; memory/bugs/code_gate_waivers/BUG_024_CG_WAIVER.md; control/CODE_GATE_WAIVER_REGISTRY_2026_05_30.md; memory/bugs/BUG_024_SMOKE_SIGNOFF.md,Y,N,0,All artifacts present (or WAIVED) — archived from active register,Added 2026-05-30 big-batch closure v2.6,v2.9_2026_05_30,Y
(legacy),BUG-025,Cancelled Item Not Shown in Order Card Served Dropdown,CLOSED — OWNER VERIFIED,,PRESENT,PRESENT,PRESENT,WAIVED,PRESENT,PRESENT,PRESENT,0,RESOLVED,memory/bugs/intake/BUG_025_INTAKE_2026_05_30.md; memory/bugs/code_gate_waivers/BUG_025_CG_WAIVER.md; control/CODE_GATE_WAIVER_REGISTRY_2026_05_30.md; memory/bugs/BUG_024_SMOKE_SIGNOFF.md,Y,N,0,All artifacts present (or WAIVED) — archived from active register,Added 2026-05-30 big-batch closure v2.6,v2.9_2026_05_30,Y
(legacy),BUG-030,Cancelled KOT Not Received After Item Cancellation,CLOSED — OWNER VERIFIED,,PRESENT,PRESENT,PRESENT,WAIVED,PRESENT,PRESENT,PRESENT,0,RESOLVED,memory/bugs/intake/BUG_030_INTAKE_2026_05_30.md; memory/bugs/BUG_ANALYSIS_030.md; memory/bugs/BUG_IMPLEMENTATION_PLAN_030.md; memory/bugs/code_gate_waivers/BUG_030_CG_WAIVER.md; control/CODE_GATE_WAIVER_REGISTRY_2026_05_30.md,Y,N,0,All artifacts present (or WAIVED) — archived from active register,Added 2026-05-30 big-batch closure v2.6,v2.9_2026_05_30,Y
(legacy),BUG-031,Out-of-Menu Order Item Not Added to Menu Management,CLOSED — OWNER VERIFIED,,PRESENT,PRESENT,PRESENT,WAIVED,PRESENT,PRESENT,PRESENT,0,RESOLVED,memory/bugs/intake/BUG_031_INTAKE_2026_05_30.md; memory/bugs/BUG_ANALYSIS_031.md; memory/bugs/BUG_IMPLEMENTATION_PLAN_031.md; memory/bugs/code_gate_waivers/BUG_031_CG_WAIVER.md; control/CODE_GATE_WAIVER_REGISTRY_2026_05_30.md,Y,N,0,All artifacts present (or WAIVED) — archived from active register,Added 2026-05-30 big-batch closure v2.6,v2.9_2026_05_30,Y
(legacy),BUG-033,Cancellation Notification Says Order Updated Instead of Cancelled,CLOSED — OWNER VERIFIED,,PRESENT,PRESENT,PRESENT,WAIVED,PRESENT,PRESENT,PRESENT,0,RESOLVED,memory/bugs/intake/BUG_033_INTAKE_2026_05_30.md; memory/bugs/BUG_ANALYSIS_033.md; memory/bugs/BUG_IMPLEMENTATION_PLAN_033.md; memory/bugs/code_gate_waivers/BUG_033_CG_WAIVER.md; control/CODE_GATE_WAIVER_REGISTRY_2026_05_30.md,Y,N,0,All artifacts present (or WAIVED) — archived from active register,Added 2026-05-30 big-batch closure v2.6,v2.9_2026_05_30,Y
POS 2 0,POS2-001,Delivery charge / GST / web delivery lock,NOT STARTED,,PRESENT,PRESENT,MISSING,WAIVED,MISSING,MISSING,MISSING,3,MEDIUM,memory/crs/intake/POS2-001_INTAKE_2026_05_30.md; memory/change_requests/sprint_consolidation/POS2_0_OWNER_DECISIONS_AMENDMENT_2026_05_09.md; memory/change_requests/impact_analysis/POS2_003_PRINT_AGENT_MAPPING_CR_IMPACT_ANALYSIS_2026_05_08.md; memory/change_requests/impact_analysis/POS2_002_ORDER_FROM_WEB_PIPELINE_CR_IMPACT_ANALYSIS_2026_05_07.md; memory/crs/code_gate_premature/POS2-001_CG_PREMATURE.md,N,N,2,Awaiting scanner evidence pass,Added 2026-05-30 CR→CSV sync v2.7 (category: OTHER),v2.9_2026_05_30,
POS 2 0,POS2-002,Order origin / Scan&Order web pipeline,INVESTIGATION COMPLETE,,PRESENT,PRESENT,PRESENT,PRESENT,PRESENT,MISSING,MISSING,1,LOW,memory/crs/intake/POS2-001_INTAKE_2026_05_30.md; memory/crs/intake/POS2-002_INTAKE_2026_05_30.md; memory/change_requests/scan_order_delivery_charge_edit_investigation/SCAN_ORDER_DELIVERY_CHARGE_EDIT_INVESTIGATION.md; memory/change_requests/sprint_consolidation/POS2_0_OWNER_DECISIONS_AMENDMENT_2026_05_09.md; memory/change_requests/impact_analysis/POS2_003_PRINT_AGENT_MAPPING_CR_IMPACT_ANALYSIS_2026_05_08.md,N,N,2,Write remaining 1 artifact(s); near-closure,Added 2026-05-30 CR→CSV sync v2.7 (category: OTHER),v2.9_2026_05_30,
POS 2 0,POS2-003-REOPEN-B,v1→v2 place-order revert,PARKED,,MISSING,MISSING,MISSING,MISSING,MISSING,MISSING,MISSING,6,CRITICAL,,N,N,2,Awaiting scanner evidence pass,Added 2026-05-30 CR→CSV sync v2.7 (category: OTHER),v2.9_2026_05_30,
POS 2 0,POS2-004,f_order_status=8 investigation,CLOSED — IMPLEMENTED,,MISSING,PRESENT,MISSING,MISSING,PRESENT,MISSING,MISSING,4,HIGH,memory/change_requests/impact_analysis/POS2_005_F_STATUS_8_HOLD_REROUTE_CR_IMPACT_ANALYSIS_2026_05_08.md; memory/change_requests/impact_analysis/POS2_004_F_STATUS_8_HOLD_PAID_DASHBOARD_INVESTIGATION_2026_05_08.md; memory/change_requests/qa_reports/POS2_003_PRINT_AGENT_MAPPING_QA_REPORT_2026_05_08.md,N,N,2,Awaiting scanner evidence pass,Added 2026-05-30 CR→CSV sync v2.7 (category: SHIPPED),v2.9_2026_05_30,
POS 2 0,POS2-005-FU §B,PG filter cross-tab,INVESTIGATION COMPLETE,,MISSING,MISSING,MISSING,MISSING,MISSING,MISSING,MISSING,6,CRITICAL,,N,N,2,Awaiting scanner evidence pass,Added 2026-05-30 CR→CSV sync v2.7 (category: OTHER),v2.9_2026_05_30,
POS 2 0,POS2-006,confirmOrderTone investigation,INVESTIGATION COMPLETE,,PRESENT,PRESENT,PRESENT,WAIVED,PRESENT,MISSING,MISSING,1,LOW,memory/crs/intake/POS2-006_INTAKE_2026_05_30.md; memory/change_requests/snooze_popup_sound_investigation/SNOOZE_POPUP_SOUND_INVESTIGATION.md; memory/change_requests/sprint_consolidation/POS2_0_OWNER_DECISIONS_AMENDMENT_2026_05_09.md; memory/change_requests/impact_analysis/POS2_005_FU_STATUS_8_9_COLLECT_BILL_AND_PG_FILTER_INVESTIGATION_2026_05_09.md; memory/change_requests/impact_analysis/POS2_006_CONFIRM_ORDER_TONE_INVESTIGATION_2026_05_09.md,N,N,2,Write remaining 1 artifact(s); near-closure,Added 2026-05-30 CR→CSV sync v2.7 (category: OTHER),v2.9_2026_05_30,
POS 2 0,POS2-008 Phase 2,Backend-owned tone delivery,PLANNING COMPLETE,,MISSING,MISSING,MISSING,WAIVED,MISSING,MISSING,MISSING,5,CRITICAL,memory/crs/code_gate_premature/POS2-008_Phase_2_CG_PREMATURE.md,N,N,2,Awaiting scanner evidence pass,Added 2026-05-30 CR→CSV sync v2.7 (category: OTHER),v2.9_2026_05_30,
POS 3 0,BUG-090,CRM customer_id on room orders,BACKEND-BLOCKED,,PRESENT,PRESENT,PRESENT,WAIVED,PRESENT,PRESENT,MISSING,0,RESOLVED,memory/crs/intake/BUG-090_INTAKE_2026_05_30.md; control/SUBSUMED_BACKLOG_OWNER_ATTESTATION_2026_05_30.md; memory/bugs/POS3_0_BUG_IMPACT_ANALYSIS_ADDENDUM.md; memory/bugs/POS3_0_BUG_IMPACT_ANALYSIS.md; control/OWNER_DECISION_QUEUE.md,N,N,2,All artifacts present (or WAIVED) — archived from active register,Added 2026-05-30 CR→CSV sync v2.7 (category: OTHER),v2.9_2026_05_30,Y
POS 3 0,BUG-091,CRM search API duplicates,BACKEND-BLOCKED,,PRESENT,PRESENT,PRESENT,WAIVED,PRESENT,PRESENT,MISSING,0,RESOLVED,memory/crs/intake/BUG-091_INTAKE_2026_05_30.md; memory/bugs/POS3_0_BUG_IMPACT_ANALYSIS_ADDENDUM.md; memory/bugs/POS3_0_BUG_IMPACT_ANALYSIS.md; memory/change_requests/final_sprint_reconciliation/POS3_0_BUG_FIX_MASTER_IMPLEMENTATION_PLAN_2026_05_18.md; memory/change_requests/final_sprint_reconciliation/POS3_0_CR_MASTER_PLANNING_2026_05_18.md,N,N,2,All artifacts present (or WAIVED) — archived from active register,Added 2026-05-30 CR→CSV sync v2.7 (category: OTHER),v2.9_2026_05_30,Y
POS 3 0,BUG-092,Phone format contract,BACKEND-BLOCKED,,PRESENT,PRESENT,PRESENT,WAIVED,PRESENT,PRESENT,MISSING,0,RESOLVED,memory/crs/intake/BUG-092_INTAKE_2026_05_30.md; memory/bugs/POS3_0_BUG_IMPACT_ANALYSIS_ADDENDUM.md; memory/bugs/POS3_0_BUG_IMPACT_ANALYSIS.md; control/OWNER_DECISION_QUEUE.md; memory/change_requests/final_sprint_reconciliation/POS3_0_BUG_FIX_MASTER_IMPLEMENTATION_PLAN_2026_05_18.md,N,N,2,All artifacts present (or WAIVED) — archived from active register,Added 2026-05-30 CR→CSV sync v2.7 (category: OTHER),v2.9_2026_05_30,Y
POS 3 0,BUG-093,Room check-in date missing,BACKEND-BLOCKED,,PRESENT,PRESENT,PRESENT,WAIVED,PRESENT,PRESENT,MISSING,0,RESOLVED,memory/crs/intake/BUG-093_INTAKE_2026_05_30.md; memory/bugs/POS3_0_BUG_IMPACT_ANALYSIS_ADDENDUM.md; memory/bugs/POS3_0_BUG_IMPACT_ANALYSIS.md; control/OWNER_DECISION_QUEUE.md; memory/change_requests/final_sprint_reconciliation/POS3_0_BUG_FIX_MASTER_IMPLEMENTATION_PLAN_2026_05_18.md,N,N,2,All artifacts present (or WAIVED) — archived from active register,Added 2026-05-30 CR→CSV sync v2.7 (category: OTHER),v2.9_2026_05_30,Y
POS 3 0,BUG-094,Delivery socket missing payload,BACKEND-BLOCKED,,PRESENT,PRESENT,PRESENT,WAIVED,PRESENT,PRESENT,MISSING,0,RESOLVED,memory/change_requests/final_sprint_reconciliation/POS3_0_BUG_097_104_CONTINUATION_PLANNING_2026_05_20.md; memory/change_requests/final_sprint_reconciliation/POS3_0_BUG_097_ANALYSIS_2026_05_19.md; memory/bugs/POS3_0_BUG_IMPACT_ANALYSIS_ADDENDUM.md; memory/bugs/POS3_0_BUG_IMPACT_ANALYSIS.md; control/OWNER_DECISION_QUEUE.md,N,N,2,All artifacts present (or WAIVED) — archived from active register,Added 2026-05-30 CR→CSV sync v2.7 (category: OTHER),v2.9_2026_05_30,Y
POS 3 0,BUG-095,Socket handler + dead code cleanup,PLANNING COMPLETE,,PRESENT,PRESENT,PRESENT,PRESENT,PRESENT,PRESENT,MISSING,0,RESOLVED,memory/crs/intake/BUG-095_INTAKE_2026_05_30.md; memory/change_requests/final_sprint_reconciliation/POS3_0_BUCKET_A_OWNER_APPROVAL_PLAN_2026_05_18.md; memory/bugs/POS3_0_BUG_IMPACT_ANALYSIS_ADDENDUM.md; memory/bugs/POS3_0_BUG_IMPACT_ANALYSIS.md; memory/change_requests/final_sprint_reconciliation/POS3_0_BUG_FIX_MASTER_IMPLEMENTATION_PLAN_2026_05_18.md,N,N,2,All artifacts present (or WAIVED) — archived from active register,Added 2026-05-30 CR→CSV sync v2.7 (category: OTHER),v2.9_2026_05_30,Y
POS 3 0,BUG-096,Realtime FE updates for menu,PARTIALLY IMPLEMENTED,constants.js,PRESENT,PRESENT,PRESENT,WAIVED,PRESENT,PRESENT,MISSING,0,RESOLVED,memory/crs/intake/BUG-096_INTAKE_2026_05_30.md; memory/bugs/POS3_0_BUG_IMPACT_ANALYSIS_ADDENDUM.md; memory/bugs/POS3_0_BUG_IMPACT_ANALYSIS.md; control/OWNER_DECISION_QUEUE.md; memory/change_requests/final_sprint_reconciliation/POS3_0_BUG_FIX_MASTER_IMPLEMENTATION_PLAN_2026_05_18.md,N,N,2,All artifacts present (or WAIVED) — archived from active register,Added 2026-05-30 CR→CSV sync v2.7 (category: OTHER),v2.9_2026_05_30,Y
POS 3 0,BUG-101,Print template delivery GST slot,BACKEND-BLOCKED,,PRESENT,PRESENT,PRESENT,WAIVED,PRESENT,PRESENT,MISSING,0,RESOLVED,memory/crs/intake/BUG-101_INTAKE_2026_05_30.md; memory/bugs/POS3_0_BUG_IMPACT_ANALYSIS_ADDENDUM.md; memory/bugs/POS3_0_BUG_IMPACT_ANALYSIS.md; control/OWNER_DECISION_QUEUE.md; memory/change_requests/final_sprint_reconciliation/POS3_0_BUG_FIX_MASTER_IMPLEMENTATION_PLAN_2026_05_18.md,N,N,2,All artifacts present (or WAIVED) — archived from active register,Added 2026-05-30 CR→CSV sync v2.7 (category: OTHER),v2.9_2026_05_30,Y
POS 3 0,BUG-104,Credit/Tab Management module,OWNER SCOPE NEEDED,,PRESENT,PRESENT,PRESENT,WAIVED,PRESENT,PRESENT,MISSING,0,RESOLVED,memory/change_requests/final_sprint_reconciliation/POS3_0_BUG_108_COUPON_LOYALTY_WALLET_CRM_API_DISCOVERY_PLAN_2026_05_22.md; memory/change_requests/final_sprint_reconciliation/POS3_0_BUG_097_104_CONTINUATION_PLANNING_2026_05_20.md; memory/bugs/intake/BUG-104_INTAKE_2026_05_30.md; memory/crs/intake/BUG-104_INTAKE_2026_05_30.md; control/SUBSUMED_BACKLOG_OWNER_ATTESTATION_2026_05_30.md,N,N,2,All artifacts present (or WAIVED) — archived from active register,Added 2026-05-30 CR→CSV sync v2.7 (category: OTHER),v2.9_2026_05_30,Y
POS 3 0,BUG-105,Settlement module,OWNER SCOPE NEEDED,,PRESENT,PRESENT,PRESENT,WAIVED,PRESENT,PRESENT,MISSING,0,RESOLVED,memory/change_requests/final_sprint_reconciliation/POS3_0_BUG_097_104_CONTINUATION_PLANNING_2026_05_20.md; memory/bugs/POS3_0_BUG_IMPACT_ANALYSIS_ADDENDUM.md; control/OWNER_DECISION_QUEUE.md; memory/change_requests/final_sprint_reconciliation/POS3_0_BUG_FIX_MASTER_IMPLEMENTATION_PLAN_2026_05_18.md; memory/change_requests/final_sprint_reconciliation/POS3_0_CR_MASTER_PLANNING_2026_05_18.md,N,N,2,All artifacts present (or WAIVED) — archived from active register,Added 2026-05-30 CR→CSV sync v2.7 (category: OTHER),v2.9_2026_05_30,Y
POS 3 0,BUG-106,CRM Notes API,CRM-BLOCKED,,PRESENT,PRESENT,PRESENT,WAIVED,PRESENT,PRESENT,MISSING,0,RESOLVED,memory/bugs/intake/BUG_098_INTAKE_2026_05_30.md; memory/bugs/intake/BUG-106_INTAKE_2026_05_30.md; memory/crs/intake/BUG-106_INTAKE_2026_05_30.md; control/SUBSUMED_BACKLOG_OWNER_ATTESTATION_2026_05_30.md; memory/change_requests/final_sprint_reconciliation/POS3_0_CR_WAVE_1_OWNER_APPROVAL_PLAN_2026_05_18.md,N,N,2,All artifacts present (or WAIVED) — archived from active register,Added 2026-05-30 CR→CSV sync v2.7 (category: OTHER),v2.9_2026_05_30,Y
POS 3 0,BUG-107,CRM Insights API,CRM-BLOCKED,,PRESENT,PRESENT,PRESENT,WAIVED,PRESENT,PRESENT,MISSING,0,RESOLVED,memory/crs/intake/BUG-107_INTAKE_2026_05_30.md; memory/bugs/POS3_0_BUG_IMPACT_ANALYSIS_ADDENDUM.md; memory/change_requests/final_sprint_reconciliation/POS3_0_BUG_FIX_MASTER_IMPLEMENTATION_PLAN_2026_05_18.md; memory/change_requests/final_sprint_reconciliation/POS3_0_CR_MASTER_PLANNING_2026_05_18.md; memory/change_requests/final_sprint_reconciliation/POS3_0_BUG_FIX_PLANNING_CLOSURE_ADDENDUM_2026_05_18.md,N,N,2,All artifacts present (or WAIVED) — archived from active register,Added 2026-05-30 CR→CSV sync v2.7 (category: OTHER),v2.9_2026_05_30,Y
POS 3 1,BUG-111 P1+P2,Grand Total + server-driven breakdown,SHIPPED + VERIFIED,"CartPanel.jsx, OrderEntry.jsx",MISSING,MISSING,MISSING,MISSING,MISSING,MISSING,MISSING,6,CRITICAL,,Y,N,2,Awaiting scanner evidence pass,Added 2026-05-30 CR→CSV sync v2.7 (category: SHIPPED),v2.9_2026_05_30,
CRM 2 0,CR-001,Customer Notes Suggestion,SUBSUMED into CR-002,,PRESENT,PRESENT,PRESENT,PRESENT,PRESENT,PRESENT,MISSING,0,RESOLVED,memory/crm/crm_2_0/discovery/CRM2_0_CR_001_CUSTOMER_NOTES_SUGGESTION_DISCOVERY_2026_05_26.md; memory/crm/crm_2_0/implementation/CRM2_0_CR_001_CUSTOMER_NOTES_REQUIREMENTS_FREEZE_2026_05_26.md; memory/crm/crm_2_0/implementation/CRM2_0_CR_002_CROSS_SELL_REQUIREMENTS_FREEZE_2026_05_26.md; memory/crm/crm_2_0/contract/CRM2_0_CR_001_CUSTOMER_NOTES_CONTRACT_FREEZE_2026_05_26.md; memory/crm/crm_2_0/contract/CRM2_0_CR_002_CROSS_SELL_CONTRACT_FREEZE_2026_05_26.md,N,N,2,All artifacts present (or WAIVED) — archived from active register,Added 2026-05-30 CR→CSV sync v2.7 (category: OTHER),v2.9_2026_05_30,Y
CRM 2 0,CR-003,Tab,NOT_STARTED,,PRESENT,PRESENT,PRESENT,PRESENT,PRESENT,PRESENT,MISSING,0,RESOLVED,memory/change_requests/final_sprint_reconciliation/POS3_0_BUG_108_COUPON_CRM_CONTRACT_GAP_AND_QUESTIONS_2026_05_25.md; memory/change_requests/final_sprint_reconciliation/POS3_0_BUG_108_COUPON_LOYALTY_WALLET_CRM_API_DISCOVERY_PLAN_2026_05_22.md; memory/crs/intake/CR-003_INTAKE_2026_05_30.md; control/SUBSUMED_BACKLOG_OWNER_ATTESTATION_2026_05_30.md; memory/change_requests/BASELINE_RECONCILIATION_REPORT_2026_05_04.md,N,N,2,All artifacts present (or WAIVED) — archived from active register,Added 2026-05-30 CR→CSV sync v2.7 (category: OTHER),v2.9_2026_05_30,Y
CRM 2 0,CR-004,Up-sell,NOT_STARTED,,PRESENT,PRESENT,PRESENT,PRESENT,PRESENT,PRESENT,MISSING,0,RESOLVED,memory/bugs/BUG_048_INTAKE.md; memory/crs/intake/CR-009_INTAKE_2026_05_30.md; memory/crs/intake/CR-004_INTAKE_2026_05_30.md; control/SUBSUMED_BACKLOG_OWNER_ATTESTATION_2026_05_30.md; memory/change_requests/BASELINE_RECONCILIATION_REPORT_2026_05_04.md,N,N,2,All artifacts present (or WAIVED) — archived from active register,Added 2026-05-30 CR→CSV sync v2.7 (category: OTHER),v2.9_2026_05_30,Y
CRM 2 0,CR-005,Wallet,NOT_STARTED,,PRESENT,PRESENT,PRESENT,WAIVED,PRESENT,PRESENT,MISSING,0,RESOLVED,memory/change_requests/final_sprint_reconciliation/POS3_0_BUG_097_104_CONTINUATION_PLANNING_2026_05_20.md; memory/crs/intake/CR-009_INTAKE_2026_05_30.md; memory/crs/intake/CR-005_INTAKE_2026_05_30.md; control/SUBSUMED_BACKLOG_OWNER_ATTESTATION_2026_05_30.md; memory/change_requests/BASELINE_RECONCILIATION_REPORT_2026_05_04.md,N,N,2,All artifacts present (or WAIVED) — archived from active register,Added 2026-05-30 CR→CSV sync v2.7 (category: OTHER),v2.9_2026_05_30,Y
CRM 2 0,CR-006,Item-level Notes,SUBSUMED into CR-002,,MISSING,PRESENT,PRESENT,MISSING,PRESENT,PRESENT,MISSING,2,MEDIUM,memory/change_requests/BASELINE_RECONCILIATION_REPORT_2026_05_04.md; memory/change_requests/impact_analysis/CR_004_IMPACT_ANALYSIS.md; memory/change_requests/final_sprint_reconciliation/POS3_0_BUG_108_BASELINE_RECONCILIATION_NOTE_2026_05_22.md; memory/change_requests/impact_analysis/FO_B1_01_MULTI_VARIANT_QTY_DISPLAY_FIX_PLAN.md; memory/change_requests/impact_analysis/COMBINED_HYGIENE_9_ITEMS_IMPLEMENTATION_PLAN.md,N,N,2,Write remaining 2 artifact(s); near-closure,Added 2026-05-30 CR→CSV sync v2.7 (category: OTHER),v2.9_2026_05_30,
CRM 2 0,CR-007,Order-level Notes,SUBSUMED into CR-002,,MISSING,PRESENT,PRESENT,PRESENT,PRESENT,MISSING,MISSING,2,MEDIUM,memory/change_requests/BASELINE_RECONCILIATION_REPORT_2026_05_04.md; memory/change_requests/impact_analysis/POS2_005_F_STATUS_8_HOLD_REROUTE_CR_IMPACT_ANALYSIS_2026_05_08.md; memory/change_requests/impact_analysis/POS2_005_FU_STATUS_8_9_COLLECT_BILL_AND_PG_FILTER_INVESTIGATION_2026_05_09.md; memory/change_requests/impact_analysis/POS2_004_F_STATUS_8_HOLD_PAID_DASHBOARD_INVESTIGATION_2026_05_08.md; memory/change_requests/final_sprint_reconciliation/POS3_0_BUG_108_BASELINE_RECONCILIATION_NOTE_2026_05_22.md,N,N,2,Write remaining 2 artifact(s); near-closure,Added 2026-05-30 CR→CSV sync v2.7 (category: OTHER),v2.9_2026_05_30,
CRM 2 0,CR-008,Integrations,NOT_STARTED,,PRESENT,PRESENT,PRESENT,PRESENT,PRESENT,PRESENT,MISSING,0,RESOLVED,memory/change_requests/post_action_navigation_investigation/POST_ACTION_NAVIGATION_ORDERENTRY_SCOPE_PLAN.md; memory/crs/intake/CR-008_INTAKE_2026_05_30.md; memory/crs/intake/CR-009_INTAKE_2026_05_30.md; control/SUBSUMED_BACKLOG_OWNER_ATTESTATION_2026_05_30.md; memory/change_requests/BASELINE_RECONCILIATION_REPORT_2026_05_04.md,N,N,2,All artifacts present (or WAIVED) — archived from active register,Added 2026-05-30 CR→CSV sync v2.7 (category: OTHER),v2.9_2026_05_30,Y
CRM 2 0,CR-009,BUG-108 Carryover,NOT_FORMALIZED,,PRESENT,PRESENT,PRESENT,WAIVED,PRESENT,PRESENT,MISSING,0,RESOLVED,memory/crs/intake/CR-009_INTAKE_2026_05_30.md; control/SUBSUMED_BACKLOG_OWNER_ATTESTATION_2026_05_30.md; memory/change_requests/BASELINE_RECONCILIATION_REPORT_2026_05_04.md; memory/change_requests/final_sprint_reconciliation/POS3_0_BUG_108_BASELINE_RECONCILIATION_NOTE_2026_05_22.md; control/OWNER_DECISION_QUEUE.md,N,N,2,All artifacts present (or WAIVED) — archived from active register,Added 2026-05-30 CR→CSV sync v2.7 (category: OTHER),v2.9_2026_05_30,Y
STANDALONE,Audit Report Optimization,Transform rewrite + dual-mode sheet,SHIPPED,"reportTransform, reportService, OrderDetailSheet, FilterBar, FilterTags, AllOrdersReportPage",MISSING,MISSING,MISSING,MISSING,MISSING,MISSING,MISSING,6,CRITICAL,,N,N,2,Awaiting scanner evidence pass,Added 2026-05-30 CR→CSV sync v2.7 (category: SHIPPED),v2.9_2026_05_30,
STANDALONE,Order Activity Log,Chronological activity feed per order,"REGISTERED, NOT STARTED",,MISSING,MISSING,MISSING,WAIVED,MISSING,MISSING,MISSING,5,CRITICAL,memory/crs/code_gate_premature/Order_Activity_Log_CG_PREMATURE.md,N,N,2,Awaiting scanner evidence pass,Added 2026-05-30 CR→CSV sync v2.7 (category: OTHER),v2.9_2026_05_30,
STANDALONE,PROD-HOTFIX-006,Takeaway print: custPhone empty,INTAKE,orderTransform.js or backend template,MISSING,MISSING,MISSING,WAIVED,MISSING,MISSING,MISSING,5,CRITICAL,memory/crs/code_gate_premature/PROD-HOTFIX-006_CG_PREMATURE.md,N,N,2,Awaiting scanner evidence pass,Added 2026-05-30 CR→CSV sync v2.7 (category: OTHER),v2.9_2026_05_30,
STANDALONE,PROD-HOTFIX-007,Loyalty earn points display,CLOSED — OWNER VERIFIED,"loyaltyTransform.js (+3), CollectPaymentPanel.jsx (+5)",MISSING,MISSING,MISSING,MISSING,MISSING,MISSING,MISSING,6,CRITICAL,,Y,N,2,Awaiting scanner evidence pass,Added 2026-05-30 CR→CSV sync v2.7 (category: SHIPPED),v2.9_2026_05_30,
STANDALONE,PROD-HOTFIX-008,Manual KOT/Bill print: custName & custPhone NULL,CLOSED — OWNER VERIFIED,orderService.js (+2 lines),MISSING,MISSING,MISSING,MISSING,MISSING,MISSING,MISSING,6,CRITICAL,,Y,N,2,Awaiting scanner evidence pass,Added 2026-05-30 CR→CSV sync v2.7 (category: SHIPPED),v2.9_2026_05_30,
STANDALONE,DEV-DASHBOARD-001,Internal dev control dashboard (v1.0 + v1.1),CLOSED — OWNER VERIFIED,"/app/frontend/public/__dev/**, /app/scripts/gen_dev_dashboard_config.js (all NEW, isolated; zero touch to /src/)",MISSING,MISSING,MISSING,MISSING,MISSING,MISSING,MISSING,6,CRITICAL,,Y,N,2,Awaiting scanner evidence pass,Added 2026-05-30 CR→CSV sync v2.7 (category: SHIPPED),v2.9_2026_05_30,
PHASE 3,UX-LOADING-02,Parallel API loading + visible station progress,NEEDS_OWNER_DECISION,,MISSING,MISSING,MISSING,WAIVED,MISSING,MISSING,MISSING,5,CRITICAL,memory/crs/code_gate_premature/UX-LOADING-02_CG_PREMATURE.md,N,N,2,Awaiting scanner evidence pass,Added 2026-05-30 CR→CSV sync v2.7 (category: OTHER),v2.9_2026_05_30,
